,location_id,partner_id,product_id,year,export_value,import_value
0,220,64,103,2018,0.0,123471.0
1,220,103,103,2018,0.0,7335471.0
2,220,153,103,2018,0.0,1384103.0
3,220,166,103,2018,0.0,294382.0
4,220,179,103,2018,0.0,206259.0
5,220,192,103,2018,16495.0,168567.0
6,220,216,103,2018,0.0,1656.0
7,220,14,103,2018,0.0,201113.0
8,220,103,117,2018,0.0,181187.0
9,220,153,117,2018,0.0,38028.0
10,220,179,117,2018,0.0,69115.0
11,220,192,117,2018,0.0,84568.0
12,220,14,117,2018,0.0,22028.0
13,220,64,118,2018,0.0,4464.0
14,220,77,118,2018,79633.0,12836.0
15,220,103,118,2018,0.0,19464215.0
16,220,111,118,2018,0.0,101425.0
17,220,121,118,2018,0.0,21197.0
18,220,153,118,2018,0.0,451171.0
19,220,174,118,2018,0.0,90798.0
20,220,179,118,2018,0.0,182079.0
21,220,192,118,2018,0.0,197067.0
22,220,216,118,2018,0.0,29479.0
23,220,14,118,2018,0.0,21170.0
24,220,15,119,2018,0.0,3300.0
25,220,39,119,2018,0.0,19679.0
26,220,43,119,2018,0.0,46972.0
27,220,64,119,2018,0.0,2552.0
28,220,103,119,2018,0.0,818559.0
29,220,104,119,2018,0.0,1659.0
30,220,153,119,2018,0.0,88858.0
31,220,179,119,2018,0.0,137120.0
32,220,192,119,2018,0.0,402200.0
33,220,216,119,2018,0.0,19424.0
34,220,231,119,2018,0.0,62258.0
35,220,14,119,2018,0.0,278808.0
36,220,92,119,2018,8656.0,0.0
37,220,15,137,2018,0.0,11332.0
38,220,43,137,2018,0.0,71324.0
39,220,77,137,2018,0.0,269796.0
40,220,81,137,2018,0.0,1220.0
41,220,103,137,2018,0.0,354965.0
42,220,104,137,2018,0.0,10047.0
43,220,114,137,2018,0.0,19297.0
44,220,121,137,2018,0.0,8997.0
45,220,153,137,2018,0.0,145407.0
46,220,162,137,2018,0.0,41158.0
47,220,179,137,2018,0.0,14999.0
48,220,192,137,2018,0.0,258065.0
49,220,231,137,2018,0.0,18000.0
50,220,246,137,2018,0.0,1948.0
51,220,14,137,2018,0.0,201951.0
52,220,75,137,2018,0.0,1413.0
53,220,7,188,2018,0.0,1450.0
54,220,39,188,2018,3189.0,14694.0
55,220,41,188,2018,0.0,4471.0
56,220,43,188,2018,1119.0,1652360.0
57,220,64,188,2018,0.0,12265.0
58,220,77,188,2018,0.0,80464.0
59,220,81,188,2018,6744.0,25427.0
60,220,103,188,2018,6171.0,892787.0
61,220,104,188,2018,0.0,288833.0
62,220,114,188,2018,0.0,1224596.0
63,220,153,188,2018,1213.0,7518.0
64,220,162,188,2018,0.0,10429.0
65,220,166,188,2018,0.0,34991.0
66,220,179,188,2018,0.0,6456.0
67,220,192,188,2018,2700.0,1230648.0
68,220,216,188,2018,0.0,8716.0
69,220,231,188,2018,3017.0,97270.0
70,220,249,188,2018,0.0,45004.0
71,220,168,188,2018,0.0,6498.0
72,220,14,188,2018,2117.0,340631.0
73,220,43,196,2018,7341.0,34731.0
74,220,61,196,2018,0.0,101110.0
75,220,77,196,2018,0.0,66551.0
76,220,81,196,2018,0.0,5601.0
77,220,103,196,2018,0.0,28158.0
78,220,104,196,2018,0.0,7860.0
79,220,114,196,2018,0.0,233847.0
80,220,118,196,2018,0.0,3037.0
81,220,121,196,2018,0.0,10625.0
82,220,153,196,2018,5055.0,201574.0
83,220,162,196,2018,0.0,23687.0
84,220,188,196,2018,3551.0,0.0
85,220,192,196,2018,74392.0,675947.0
86,220,231,196,2018,39826.0,107861.0
87,220,249,196,2018,0.0,6120.0
88,220,2,196,2018,29370.0,0.0
89,220,14,196,2018,0.0,2710794.0
90,220,75,196,2018,0.0,1220.0
91,220,7,116,2018,0.0,513235.0
92,220,103,116,2018,0.0,1754004.0
93,220,104,116,2018,0.0,278672.0
94,220,153,116,2018,0.0,7278.0
95,220,179,116,2018,0.0,25894.0
96,220,192,116,2018,0.0,28728.0
97,220,216,116,2018,0.0,8199132.0
98,220,249,116,2018,0.0,950401.0
99,220,168,116,2018,0.0,760437.0
100,220,14,116,2018,0.0,5962.0
101,220,15,120,2018,0.0,1012.0
102,220,64,120,2018,0.0,5938.0
103,220,77,120,2018,1192.0,65733.0
104,220,103,120,2018,0.0,7142953.0
105,220,104,120,2018,0.0,23856.0
106,220,121,120,2018,0.0,2748.0
107,220,153,120,2018,0.0,143493.0
108,220,162,120,2018,0.0,1450.0
109,220,166,120,2018,0.0,39944.0
110,220,179,120,2018,0.0,82188.0
111,220,192,120,2018,0.0,679177.0
112,220,216,120,2018,0.0,60254.0
113,220,14,120,2018,0.0,28056.0
114,220,43,148,2018,0.0,173892.0
115,220,64,148,2018,0.0,1834.0
116,220,81,148,2018,0.0,1334.0
117,220,103,148,2018,4292.0,108243.0
118,220,104,148,2018,0.0,47036.0
119,220,114,148,2018,0.0,9377.0
120,220,121,148,2018,0.0,7836.0
121,220,153,148,2018,0.0,23059.0
122,220,179,148,2018,0.0,331431.0
123,220,192,148,2018,0.0,242356.0
124,220,216,148,2018,4178.0,0.0
125,220,231,148,2018,0.0,4400.0
126,220,14,148,2018,0.0,8477.0
127,220,7,183,2018,0.0,17821.0
128,220,15,183,2018,0.0,7546.0
129,220,39,183,2018,1385.0,3274.0
130,220,41,183,2018,0.0,77994.0
131,220,43,183,2018,122309.0,9636026.0
132,220,61,183,2018,0.0,10597.0
133,220,64,183,2018,0.0,22780.0
134,220,77,183,2018,42889.0,83451.0
135,220,81,183,2018,1072314.0,24545.0
136,220,103,183,2018,0.0,5976825.0
137,220,104,183,2018,0.0,138184.0
138,220,114,183,2018,0.0,495665.0
139,220,121,183,2018,0.0,79070.0
140,220,153,183,2018,23704.0,151945.0
141,220,162,183,2018,0.0,72721.0
142,220,166,183,2018,6327.0,2429261.0
143,220,179,183,2018,21921.0,528196.0
144,220,192,183,2018,3056.0,1663744.0
145,220,216,183,2018,6301.0,27666.0
146,220,231,183,2018,113269.0,425272.0
147,220,249,183,2018,0.0,160261.0
148,220,2,183,2018,37156.0,0.0
149,220,107,183,2018,37607.0,0.0
150,220,14,183,2018,0.0,875580.0
151,220,15,121,2018,0.0,16482.0
152,220,43,121,2018,1807.0,0.0
153,220,81,121,2018,0.0,103741.0
154,220,103,121,2018,0.0,14747249.0
155,220,104,121,2018,0.0,12815.0
156,220,111,121,2018,0.0,46200.0
157,220,121,121,2018,0.0,1852930.0
158,220,153,121,2018,0.0,742859.0
159,220,162,121,2018,0.0,1965.0
160,220,166,121,2018,0.0,32026.0
161,220,174,121,2018,0.0,22033.0
162,220,179,121,2018,0.0,2076167.0
163,220,192,121,2018,0.0,1236521.0
164,220,216,121,2018,0.0,79266.0
165,220,231,121,2018,0.0,27274.0
166,220,14,121,2018,0.0,338407.0
167,220,92,121,2018,1888.0,0.0
168,220,43,127,2018,0.0,1219.0
169,220,103,127,2018,0.0,31035.0
170,220,153,127,2018,0.0,29380.0
171,220,179,127,2018,0.0,1132.0
172,220,192,127,2018,0.0,78380.0
173,220,14,127,2018,0.0,7677.0
174,220,103,128,2018,0.0,213867.0
175,220,104,128,2018,0.0,11842.0
176,220,166,128,2018,0.0,6177.0
177,220,192,128,2018,0.0,41016.0
178,220,14,128,2018,0.0,6915.0
179,220,7,182,2018,0.0,17182.0
180,220,32,182,2018,0.0,56311.0
181,220,39,182,2018,0.0,17181.0
182,220,41,182,2018,0.0,21251.0
183,220,43,182,2018,0.0,12513164.0
184,220,61,182,2018,0.0,18403.0
185,220,64,182,2018,0.0,128402.0
186,220,77,182,2018,2770.0,148209.0
187,220,81,182,2018,46128.0,7547.0
188,220,103,182,2018,11986.0,6622043.0
189,220,104,182,2018,0.0,23296.0
190,220,111,182,2018,0.0,17345.0
191,220,114,182,2018,0.0,585030.0
192,220,121,182,2018,0.0,414900.0
193,220,153,182,2018,0.0,1028756.0
194,220,162,182,2018,0.0,101434.0
195,220,166,182,2018,0.0,6473.0
196,220,174,182,2018,0.0,1112.0
197,220,179,182,2018,0.0,159935.0
198,220,188,182,2018,4658.0,0.0
199,220,192,182,2018,20462.0,2214284.0
200,220,208,182,2018,4191522.0,0.0
201,220,216,182,2018,0.0,73595.0
202,220,231,182,2018,103999.0,107938.0
203,220,246,182,2018,0.0,3858.0
204,220,249,182,2018,0.0,98487.0
205,220,2,182,2018,7013.0,0.0
206,220,107,182,2018,85046.0,0.0
207,220,14,182,2018,1393.0,705088.0
208,220,75,182,2018,0.0,1796.0
209,220,43,192,2018,0.0,3473378.0
210,220,61,192,2018,0.0,3697.0
211,220,103,192,2018,2655.0,3256112.0
212,220,104,192,2018,0.0,5985.0
213,220,114,192,2018,0.0,101515.0
214,220,121,192,2018,0.0,3307.0
215,220,153,192,2018,0.0,142022.0
216,220,162,192,2018,0.0,2568.0
217,220,174,192,2018,0.0,3212.0
218,220,179,192,2018,1355.0,33563.0
219,220,192,192,2018,86455.0,59288.0
220,220,216,192,2018,0.0,1103.0
221,220,231,192,2018,27214.0,0.0
222,220,249,192,2018,0.0,85852.0
223,220,14,192,2018,0.0,383876.0
224,220,43,106,2018,0.0,1064529.0
225,220,64,106,2018,0.0,6758.0
226,220,103,106,2018,175744.0,28994.0
227,220,104,106,2018,0.0,7247.0
228,220,153,106,2018,0.0,8241.0
229,220,166,106,2018,0.0,119456.0
230,220,179,106,2018,0.0,16710.0
231,220,192,106,2018,0.0,29059.0
232,220,216,106,2018,88891.0,0.0
233,220,168,106,2018,0.0,47562.0
234,220,107,106,2018,0.0,2037.0
235,220,14,106,2018,0.0,10084.0
236,220,92,106,2018,27858.0,0.0
237,220,43,161,2018,0.0,735417.0
238,220,103,161,2018,0.0,232695.0
239,220,104,161,2018,0.0,2859.0
240,220,174,161,2018,0.0,7095.0
241,220,179,161,2018,0.0,6489.0
242,220,188,161,2018,18659.0,0.0
243,220,192,161,2018,0.0,432930.0
244,220,216,161,2018,0.0,1048.0
245,220,231,161,2018,0.0,18696.0
246,220,14,161,2018,0.0,41830.0
247,220,43,163,2018,0.0,1329197.0
248,220,103,163,2018,0.0,1047267.0
249,220,121,163,2018,0.0,37864.0
250,220,192,163,2018,34725.0,216002.0
251,220,14,163,2018,0.0,17063.0
252,220,7,185,2018,0.0,21081.0
253,220,15,185,2018,0.0,1345593.0
254,220,39,185,2018,0.0,13265.0
255,220,43,185,2018,0.0,4477414.0
256,220,61,185,2018,0.0,104701.0
257,220,77,185,2018,9218.0,0.0
258,220,81,185,2018,0.0,99110.0
259,220,103,185,2018,0.0,25354643.0
260,220,114,185,2018,0.0,3315006.0
261,220,121,185,2018,23696.0,25255.0
262,220,153,185,2018,0.0,51095.0
263,220,166,185,2018,0.0,3275.0
264,220,179,185,2018,0.0,258508.0
265,220,192,185,2018,0.0,6488956.0
266,220,216,185,2018,0.0,4035450.0
267,220,231,185,2018,0.0,532571.0
268,220,246,185,2018,0.0,143441.0
269,220,14,185,2018,0.0,2882868.0
270,220,75,185,2018,0.0,6940.0
271,220,43,107,2018,0.0,1245775.0
272,220,64,107,2018,0.0,1132.0
273,220,103,107,2018,5748.0,37560.0
274,220,153,107,2018,0.0,176863.0
275,220,179,107,2018,0.0,14040.0
276,220,192,107,2018,0.0,164600.0
277,220,246,107,2018,0.0,197271.0
278,220,168,107,2018,0.0,12705.0
279,220,92,107,2018,84060.0,0.0
280,220,39,108,2018,3264505.0,0.0
281,220,43,108,2018,62168.0,3002.0
282,220,61,108,2018,1354736.0,0.0
283,220,81,108,2018,100198.0,0.0
284,220,103,108,2018,2474010.0,1797247.0
285,220,111,108,2018,122266.0,0.0
286,220,114,108,2018,773495.0,0.0
287,220,121,108,2018,269252.0,0.0
288,220,166,108,2018,428911.0,0.0
289,220,179,108,2018,838076.0,44582.0
290,220,192,108,2018,68279.0,97045.0
291,220,231,108,2018,5815508.0,3864.0
292,220,249,108,2018,252449.0,0.0
293,220,14,108,2018,404074.0,16555.0
294,220,134,108,2018,131063.0,0.0
295,220,92,108,2018,10421.0,0.0
296,220,43,130,2018,0.0,24016.0
297,220,103,130,2018,0.0,74194.0
298,220,153,130,2018,0.0,33901.0
299,220,249,130,2018,0.0,7450.0
300,220,39,132,2018,0.0,4225.0
301,220,43,132,2018,0.0,184531.0
302,220,103,132,2018,0.0,3600895.0
303,220,104,132,2018,0.0,76205.0
304,220,111,132,2018,0.0,3364.0
305,220,153,132,2018,0.0,21324.0
306,220,179,132,2018,0.0,33504.0
307,220,192,132,2018,0.0,961306.0
308,220,216,132,2018,0.0,223702.0
309,220,14,132,2018,0.0,9642.0
310,220,41,138,2018,0.0,3084.0
311,220,43,138,2018,0.0,4239108.0
312,220,61,138,2018,0.0,4882.0
313,220,77,138,2018,0.0,2237.0
314,220,81,138,2018,36537.0,1428.0
315,220,103,138,2018,0.0,3688512.0
316,220,104,138,2018,0.0,74938.0
317,220,111,138,2018,0.0,6328.0
318,220,114,138,2018,0.0,57502.0
319,220,121,138,2018,0.0,38945.0
320,220,153,138,2018,0.0,78050.0
321,220,162,138,2018,0.0,2002.0
322,220,166,138,2018,0.0,1741.0
323,220,174,138,2018,0.0,18529.0
324,220,179,138,2018,0.0,95197.0
325,220,188,138,2018,71019.0,0.0
326,220,192,138,2018,6756.0,232645.0
327,220,216,138,2018,30162.0,70971.0
328,220,249,138,2018,0.0,53553.0
329,220,14,138,2018,3704.0,50807.0
330,220,75,138,2018,0.0,29870.0
331,220,43,139,2018,0.0,2224693.0
332,220,77,139,2018,0.0,46785.0
333,220,103,139,2018,0.0,2449243.0
334,220,104,139,2018,0.0,54999.0
335,220,114,139,2018,0.0,137474.0
336,220,153,139,2018,0.0,17810.0
337,220,174,139,2018,0.0,14153.0
338,220,192,139,2018,0.0,94231.0
339,220,216,139,2018,0.0,186823.0
340,220,231,139,2018,6897.0,0.0
341,220,249,139,2018,0.0,60140.0
342,220,14,139,2018,0.0,39558.0
343,220,43,160,2018,0.0,1194524.0
344,220,103,160,2018,0.0,598245.0
345,220,166,160,2018,0.0,7292.0
346,220,179,160,2018,0.0,3017.0
347,220,188,160,2018,27333.0,0.0
348,220,192,160,2018,0.0,450825.0
349,220,216,160,2018,0.0,4626.0
350,220,14,160,2018,0.0,235866.0
351,220,43,187,2018,0.0,31881682.0
352,220,103,187,2018,0.0,435312.0
353,220,153,187,2018,0.0,1038055.0
354,220,231,187,2018,0.0,8970.0
355,220,14,187,2018,0.0,209973.0
356,220,43,124,2018,0.0,1917106.0
357,220,103,124,2018,0.0,12551048.0
358,220,104,124,2018,0.0,242162.0
359,220,179,124,2018,0.0,4258.0
360,220,192,124,2018,0.0,9425.0
361,220,43,147,2018,0.0,540281.0
362,220,103,147,2018,0.0,4041019.0
363,220,104,147,2018,0.0,27325.0
364,220,153,147,2018,0.0,92645.0
365,220,162,147,2018,0.0,3132.0
366,220,174,147,2018,0.0,10045.0
367,220,179,147,2018,1367.0,31019.0
368,220,192,147,2018,0.0,62955.0
369,220,216,147,2018,0.0,2466.0
370,220,231,147,2018,0.0,2672.0
371,220,14,147,2018,0.0,45476.0
372,220,75,147,2018,0.0,4335.0
373,220,39,172,2018,3050.0,0.0
374,220,43,172,2018,0.0,14686446.0
375,220,61,172,2018,0.0,2302.0
376,220,77,172,2018,0.0,19816.0
377,220,81,172,2018,0.0,2525.0
378,220,103,172,2018,0.0,4539251.0
379,220,114,172,2018,0.0,735043.0
380,220,121,172,2018,0.0,127100.0
381,220,153,172,2018,18872.0,40616.0
382,220,174,172,2018,0.0,31285.0
383,220,179,172,2018,0.0,35245.0
384,220,188,172,2018,14737.0,0.0
385,220,192,172,2018,5174.0,110312.0
386,220,216,172,2018,1440.0,3194.0
387,220,2,172,2018,2462.0,0.0
388,220,107,172,2018,92978.0,0.0
389,220,14,172,2018,175782.0,629367.0
390,220,75,172,2018,0.0,2063.0
391,220,43,141,2018,0.0,557264.0
392,220,103,141,2018,0.0,113153.0
393,220,104,141,2018,0.0,9486.0
394,220,121,141,2018,0.0,15676.0
395,220,153,141,2018,0.0,6247.0
396,220,192,141,2018,3752.0,72308.0
397,220,14,141,2018,0.0,36172.0
398,220,43,162,2018,0.0,2006807.0
399,220,81,162,2018,2332.0,0.0
400,220,103,162,2018,0.0,162714.0
401,220,104,162,2018,0.0,29762.0
402,220,121,162,2018,8062.0,248828.0
403,220,153,162,2018,0.0,1891828.0
404,220,179,162,2018,3862.0,15327.0
405,220,192,162,2018,0.0,3971706.0
406,220,216,162,2018,1390.0,2913.0
407,220,249,162,2018,0.0,1063.0
408,220,168,162,2018,0.0,102637.0
409,220,14,162,2018,4659.0,17045.0
410,220,75,162,2018,0.0,26185.0
411,220,43,164,2018,0.0,96068.0
412,220,103,164,2018,0.0,103664.0
413,220,179,164,2018,0.0,1020.0
414,220,14,164,2018,0.0,4641.0
415,220,43,165,2018,0.0,172683.0
416,220,103,165,2018,0.0,2387.0
417,220,162,165,2018,0.0,2700.0
418,220,75,165,2018,0.0,1392.0
419,220,103,100,2018,0.0,45858.0
420,220,153,100,2018,0.0,76591.0
421,220,14,100,2018,0.0,2356.0
422,220,32,101,2018,0.0,6428874.0
423,220,64,101,2018,0.0,175169.0
424,220,103,101,2018,0.0,29144.0
425,220,153,101,2018,0.0,1305.0
426,220,162,101,2018,0.0,1226977.0
427,220,166,101,2018,0.0,316935.0
428,220,179,101,2018,0.0,136384.0
429,220,192,101,2018,0.0,5162746.0
430,220,14,101,2018,0.0,149699.0
431,220,92,101,2018,25839.0,0.0
432,220,43,102,2018,0.0,2548172.0
433,220,103,102,2018,0.0,109124.0
434,220,179,102,2018,0.0,68636.0
435,220,192,102,2018,0.0,65438.0
436,220,32,104,2018,0.0,57942.0
437,220,103,104,2018,0.0,4504.0
438,220,192,104,2018,0.0,2303.0
439,220,14,104,2018,0.0,3993.0
440,220,43,109,2018,0.0,3448260.0
441,220,103,109,2018,0.0,35484.0
442,220,153,109,2018,0.0,796146.0
443,220,179,109,2018,0.0,7254.0
444,220,192,109,2018,0.0,18707.0
445,220,216,109,2018,0.0,20024332.0
446,220,231,109,2018,94415.0,0.0
447,220,168,109,2018,0.0,10734528.0
448,220,103,110,2018,0.0,7581246.0
449,220,179,110,2018,0.0,8388.0
450,220,192,110,2018,0.0,16444.0
451,220,14,110,2018,0.0,84768.0
452,220,43,111,2018,2283166.0,0.0
453,220,103,111,2018,184483.0,286996.0
454,220,114,111,2018,1710.0,0.0
455,220,179,111,2018,0.0,2659.0
456,220,249,111,2018,0.0,3293.0
457,220,107,111,2018,0.0,48941.0
458,220,103,112,2018,0.0,227397.0
459,220,231,112,2018,0.0,6994.0
460,220,14,112,2018,6316.0,0.0
461,220,43,114,2018,11225.0,47218.0
462,220,64,114,2018,0.0,2171.0
463,220,103,114,2018,0.0,11001071.0
464,220,111,114,2018,0.0,84198.0
465,220,153,114,2018,0.0,21874.0
466,220,179,114,2018,0.0,188545.0
467,220,192,114,2018,70467.0,61203.0
468,220,231,114,2018,72502.0,0.0
469,220,32,115,2018,0.0,1395924.0
470,220,43,115,2018,0.0,342688.0
471,220,103,115,2018,0.0,1940973.0
472,220,153,115,2018,0.0,175839.0
473,220,179,115,2018,0.0,224457.0
474,220,192,115,2018,4091.0,382304.0
475,220,14,115,2018,0.0,18188.0
476,220,75,115,2018,0.0,15886.0
477,220,103,122,2018,0.0,829698.0
478,220,153,122,2018,0.0,634680.0
479,220,174,122,2018,0.0,16802.0
480,220,179,122,2018,0.0,16323.0
481,220,14,122,2018,0.0,32327.0
482,220,43,123,2018,0.0,62848.0
483,220,103,123,2018,0.0,13940554.0
484,220,7,126,2018,0.0,992000.0
485,220,43,126,2018,0.0,154172.0
486,220,103,126,2018,0.0,5196395.0
487,220,114,126,2018,0.0,48778.0
488,220,121,126,2018,0.0,7724.0
489,220,153,126,2018,0.0,3736255.0
490,220,192,126,2018,36381056.0,6483299.0
491,220,216,126,2018,0.0,98777.0
492,220,249,126,2018,0.0,172238.0
493,220,14,126,2018,0.0,126020.0
494,220,43,129,2018,0.0,669230.0
495,220,61,129,2018,0.0,5803.0
496,220,77,129,2018,0.0,20728.0
497,220,81,129,2018,0.0,5504.0
498,220,103,129,2018,0.0,1964369.0
499,220,104,129,2018,0.0,2434283.0
500,220,111,129,2018,0.0,4963.0
501,220,114,129,2018,0.0,13852.0
502,220,121,129,2018,0.0,20066.0
503,220,153,129,2018,0.0,7165.0
504,220,162,129,2018,0.0,29756.0
505,220,166,129,2018,0.0,2661.0
506,220,179,129,2018,0.0,190744.0
507,220,192,129,2018,0.0,244103.0
508,220,246,129,2018,0.0,4941.0
509,220,168,129,2018,0.0,14384.0
510,220,14,129,2018,0.0,63785.0
511,220,43,131,2018,0.0,521144.0
512,220,61,131,2018,0.0,2931.0
513,220,103,131,2018,0.0,1799971.0
514,220,114,131,2018,0.0,1848.0
515,220,153,131,2018,0.0,136266.0
516,220,179,131,2018,0.0,4249.0
517,220,192,131,2018,0.0,268987.0
518,220,231,131,2018,0.0,8458.0
519,220,14,131,2018,0.0,51914.0
520,220,43,133,2018,0.0,907985.0
521,220,103,133,2018,0.0,6204071.0
522,220,114,133,2018,0.0,16153.0
523,220,153,133,2018,0.0,3942.0
524,220,179,133,2018,0.0,31632.0
525,220,192,133,2018,0.0,199591.0
526,220,216,133,2018,0.0,10261.0
527,220,14,133,2018,0.0,15796.0
528,220,43,134,2018,0.0,46028.0
529,220,81,134,2018,0.0,10393.0
530,220,103,134,2018,0.0,151929.0
531,220,114,134,2018,0.0,15319.0
532,220,192,134,2018,0.0,1238.0
533,220,103,135,2018,0.0,2998.0
534,220,43,136,2018,0.0,10027.0
535,220,103,136,2018,0.0,3662.0
536,220,162,136,2018,0.0,4067.0
537,220,179,136,2018,0.0,4608.0
538,220,192,136,2018,0.0,6880.0
539,220,14,136,2018,0.0,5147.0
540,220,231,140,2018,20544.0,0.0
541,220,15,143,2018,0.0,10495.0
542,220,43,143,2018,0.0,2921289.0
543,220,103,143,2018,1542.0,1233429.0
544,220,153,143,2018,0.0,1425.0
545,220,166,143,2018,0.0,26379.0
546,220,179,143,2018,0.0,236657.0
547,220,192,143,2018,0.0,62741.0
548,220,216,143,2018,0.0,8216.0
549,220,249,143,2018,10293.0,0.0
550,220,14,143,2018,0.0,7440.0
551,220,103,144,2018,0.0,51445.0
552,220,103,145,2018,0.0,1472.0
553,220,75,145,2018,0.0,1211.0
554,220,103,146,2018,0.0,1607.0
555,220,103,150,2018,0.0,14998.0
556,220,43,151,2018,0.0,16870.0
557,220,103,151,2018,0.0,71516.0
558,220,43,153,2018,0.0,45636.0
559,220,103,153,2018,0.0,37818.0
560,220,43,154,2018,0.0,15705.0
561,220,103,154,2018,0.0,1862.0
562,220,43,155,2018,0.0,134825.0
563,220,103,155,2018,0.0,111609.0
564,220,114,155,2018,0.0,43188.0
565,220,192,155,2018,0.0,1025.0
566,220,43,156,2018,0.0,142506.0
567,220,103,156,2018,0.0,174092.0
568,220,216,156,2018,0.0,25834.0
569,220,43,157,2018,0.0,22432.0
570,220,103,157,2018,0.0,9799.0
571,220,179,157,2018,0.0,1820.0
572,220,43,158,2018,0.0,15577.0
573,220,61,158,2018,0.0,1170.0
574,220,103,158,2018,0.0,13472.0
575,220,114,158,2018,0.0,20421.0
576,220,174,158,2018,0.0,3191.0
577,220,179,158,2018,0.0,1304.0
578,220,192,158,2018,0.0,3514.0
579,220,14,158,2018,0.0,7034.0
580,220,103,159,2018,0.0,24680.0
581,220,43,166,2018,0.0,77511.0
582,220,41,167,2018,0.0,2930.0
583,220,43,167,2018,0.0,505505.0
584,220,103,167,2018,0.0,651281.0
585,220,114,167,2018,0.0,30893.0
586,220,121,167,2018,0.0,7673.0
587,220,153,167,2018,0.0,7780.0
588,220,192,167,2018,0.0,125781.0
589,220,14,167,2018,0.0,20629.0
590,220,75,167,2018,0.0,2076.0
591,220,43,168,2018,0.0,3407849.0
592,220,103,168,2018,0.0,1040821.0
593,220,153,168,2018,0.0,13360.0
594,220,179,168,2018,2156.0,11798.0
595,220,192,168,2018,0.0,14974.0
596,220,231,168,2018,0.0,4789.0
597,220,14,168,2018,0.0,10770.0
598,220,43,169,2018,0.0,681025.0
599,220,103,169,2018,0.0,367290.0
600,220,104,169,2018,0.0,1025.0
601,220,114,169,2018,0.0,2491.0
602,220,153,169,2018,0.0,8135.0
603,220,179,169,2018,0.0,19964.0
604,220,192,169,2018,0.0,9379.0
605,220,216,169,2018,0.0,4244.0
606,220,2,169,2018,1536.0,0.0
607,220,14,169,2018,0.0,4057.0
608,220,41,170,2018,0.0,49074.0
609,220,43,170,2018,0.0,23305.0
610,220,179,170,2018,0.0,53158.0
611,220,216,170,2018,0.0,4226.0
612,220,231,170,2018,2919.0,0.0
613,220,14,170,2018,0.0,117863.0
614,220,43,171,2018,0.0,14296769.0
615,220,103,171,2018,185203.0,2405443.0
616,220,153,171,2018,449589.0,93161.0
617,220,174,171,2018,0.0,7285.0
618,220,192,171,2018,303520.0,12210.0
619,220,2,171,2018,1182.0,0.0
620,220,14,171,2018,0.0,174823.0
621,220,43,173,2018,0.0,26890.0
622,220,103,173,2018,0.0,83351.0
623,220,192,173,2018,74600.0,2194.0
624,220,216,173,2018,0.0,14671.0
625,220,107,173,2018,0.0,57108.0
626,220,14,173,2018,0.0,2811.0
627,220,103,174,2018,0.0,5597.0
628,220,43,175,2018,0.0,1088954.0
629,220,103,175,2018,9529.0,1052112.0
630,220,114,175,2018,0.0,27524.0
631,220,118,175,2018,0.0,209840.0
632,220,153,175,2018,339235.0,5351.0
633,220,166,175,2018,0.0,4519.0
634,220,179,175,2018,0.0,4327.0
635,220,192,175,2018,146573.0,77481.0
636,220,14,175,2018,0.0,161392.0
637,220,103,177,2018,0.0,47929.0
638,220,14,177,2018,0.0,22804.0
639,220,43,178,2018,0.0,4003.0
640,220,103,179,2018,0.0,4578.0
641,220,43,180,2018,0.0,672719.0
642,220,103,180,2018,0.0,99901.0
643,220,153,180,2018,1262.0,0.0
644,220,192,180,2018,8208.0,155390.0
645,220,231,180,2018,0.0,42754.0
646,220,249,180,2018,0.0,22652.0
647,220,2,180,2018,2474.0,0.0
648,220,14,180,2018,0.0,15617.0
649,220,75,180,2018,0.0,315951.0
650,220,43,181,2018,0.0,1091689.0
651,220,77,181,2018,0.0,3975.0
652,220,103,181,2018,1063.0,255490.0
653,220,114,181,2018,0.0,46811.0
654,220,153,181,2018,0.0,28938.0
655,220,166,181,2018,0.0,1377.0
656,220,179,181,2018,0.0,2031.0
657,220,192,181,2018,0.0,1325.0
658,220,216,181,2018,0.0,1577.0
659,220,249,181,2018,0.0,3326.0
660,220,14,181,2018,0.0,90318.0
661,220,43,184,2018,0.0,231652.0
662,220,103,184,2018,0.0,6536.0
663,220,179,184,2018,0.0,20554.0
664,220,14,184,2018,0.0,143673.0
665,220,39,186,2018,0.0,73236.0
666,220,77,186,2018,0.0,2380853.0
667,220,103,186,2018,16453.0,72595.0
668,220,104,186,2018,0.0,152959.0
669,220,192,186,2018,6584.0,1447986.0
670,220,2,186,2018,399392.0,0.0
671,220,14,186,2018,0.0,1567920.0
672,220,43,189,2018,0.0,99834.0
673,220,81,189,2018,0.0,66865.0
674,220,103,189,2018,0.0,15945.0
675,220,14,189,2018,0.0,6117.0
676,220,43,190,2018,0.0,14049.0
677,220,103,190,2018,0.0,62551.0
678,220,192,190,2018,0.0,2414.0
679,220,39,193,2018,1092.0,0.0
680,220,41,193,2018,0.0,6263.0
681,220,43,193,2018,0.0,1645542.0
682,220,61,193,2018,0.0,1841.0
683,220,81,193,2018,3190.0,0.0
684,220,103,193,2018,0.0,144639.0
685,220,179,193,2018,0.0,19690.0
686,220,192,193,2018,0.0,14408.0
687,220,231,193,2018,31798.0,21480.0
688,220,249,193,2018,0.0,317732.0
689,220,14,193,2018,0.0,1619155.0
690,220,43,194,2018,0.0,657677.0
691,220,103,194,2018,0.0,447275.0
692,220,121,194,2018,0.0,7143.0
693,220,153,194,2018,0.0,1665.0
694,220,162,194,2018,0.0,1362.0
695,220,179,194,2018,0.0,3551.0
696,220,192,194,2018,0.0,24590.0
697,220,92,194,2018,18040.0,0.0
698,220,75,194,2018,0.0,3187.0
699,220,43,195,2018,1193.0,0.0
700,220,231,195,2018,2097.0,0.0
701,220,14,195,2018,1078.0,0.0
702,220,43,176,2018,18682.0,0.0
703,220,103,176,2018,0.0,5528.0
704,220,104,176,2018,0.0,1075.0
